store_id,observations,promotion_rate,average_quantity,average_predicted_uplift,adjusted_uplift,positive_uplift_share,control_quantity_mean,promotion_quantity_mean,raw_quantity_difference
S003,740,0.17702702702702702,44.62972972972973,32.62037558906003,34.46161233357364,1.0,38.58292282430214,72.74045801526718,34.15753519096504
S001,740,0.16486486486486487,38.66621621621621,27.545234300533632,29.643304936481158,1.0,33.56310679611651,64.51639344262296,30.95328664650645
S004,740,0.1783783783783784,33.78378378378378,23.841736758448338,27.558392956048348,1.0,28.71217105263158,57.14393939393939,28.431768341307812
S002,740,0.15675675675675677,31.102702702702704,22.248452298340624,27.158602518882045,1.0,26.6875,54.85344827586207,28.16594827586207
S005,740,0.13648648648648648,27.69864864864865,20.464985812399966,19.027878604886357,1.0,24.949921752738653,45.08910891089109,20.13918715815244
